name,date,open,high,low,close,volume
FB,2017/1/3,116.03,117.84,115.51,116.86,20663912
FB,2017/1/4,117.55,119.66,117.29,118.69,19630932
FB,2017/1/5,118.86,120.95,118.3209,120.67,19492150
FB,2017/1/6,120.98,123.88,120.03,123.41,28545263
FB,2017/1/9,123.55,125.43,123.04,124.9,22880360
FB,2017/1/10,124.82,125.5,124.28,124.35,17324590
FB,2017/1/11,124.35,126.12,124.06,126.09,18356523
FB,2017/1/12,125.61,126.73,124.8,126.62,18653914
FB,2017/1/13,127.49,129.27,127.37,128.34,24884325
FB,2017/1/17,128.04,128.34,127.4,127.87,15294460
FB,2017/1/18,128.41,128.43,126.84,127.92,13145852
FB,2017/1/19,128.23,128.35,127.45,127.55,12195465
FB,2017/1/20,128.1,128.48,126.78,127.04,19097223
FB,2017/1/23,127.31,129.25,126.95,128.93,16593563
FB,2017/1/24,129.38,129.9,128.38,129.37,15162724
FB,2017/1/25,130,131.74,129.77,131.48,18777314
FB,2017/1/26,131.63,133.14,131.4401,132.78,20020141
FB,2017/1/27,132.68,132.95,131.08,132.18,19539514
FB,2017/1/30,131.58,131.58,129.6,130.98,18956095
FB,2017/1/31,130.17,130.66,129.5157,130.32,19790484
FB,2017/2/1,132.25,133.49,130.68,133.23,50139775
FB,2017/2/2,133.22,135.49,130.4,130.84,54366447
FB,2017/2/3,131.24,132.85,130.76,130.98,24804890
FB,2017/2/6,130.98,132.06,130.3,132.06,17058494
FB,2017/2/7,132.24,133,131.661,131.84,14596449
FB,2017/2/8,132.6,134.44,132.44,134.2,22390556
FB,2017/2/9,134.49,134.5,133.31,134.14,16470609
FB,2017/2/10,134.1,134.94,133.68,134.19,15061939
FB,2017/2/13,134.6975,134.6975,133.7,134.05,13526221
FB,2017/2/14,134.1,134.23,132.55,133.85,14364877
FB,2017/2/15,133.45,133.7,132.66,133.44,13226534
FB,2017/2/16,133.07,133.87,133.022,133.84,12831092
FB,2017/2/17,133.5,134.0912,133.17,133.53,12276490
FB,2017/2/21,133.5,133.91,132.9,133.72,14759109
FB,2017/2/22,133.6,136.79,133.46,136.12,27360092
FB,2017/2/23,135.89,136.12,134.33,135.36,18422549
FB,2017/2/24,134.16,135.62,134.16,135.44,12625742
FB,2017/2/27,135.26,137.1846,135.02,136.41,14306668
FB,2017/2/28,136.79,136.805,134.75,135.54,16112092
FB,2017/3/1,136.47,137.48,136.3,137.42,16257010
FB,2017/3/2,137.09,137.82,136.31,136.76,12294804
FB,2017/3/3,136.63,137.33,136.08,137.17,11160563
FB,2017/3/6,136.88,137.83,136.51,137.42,12748179
FB,2017/3/7,137.03,138.37,136.99,137.3,13527132
FB,2017/3/8,137.15,137.99,137.0516,137.72,10184514
FB,2017/3/9,137.72,138.57,137.4,138.24,15535259
FB,2017/3/10,138.91,139.49,138.22,138.79,16314113
FB,2017/3/13,138.71,139.68,138.6729,139.6,10955450
FB,2017/3/14,139.46,139.46,138.52,139.32,12944018
FB,2017/3/15,139.29,140.1,138.49,139.72,19344826
FB,2017/3/16,140.2,140.25,139.73,139.99,13612942
FB,2017/3/17,140.34,140.34,139.7,139.84,20592818
FB,2017/3/20,139.71,140.19,139.25,139.94,12099471
FB,2017/3/21,141.15,142.3082,138.4,138.51,29894784
FB,2017/3/22,137.93,139.79,137.6,139.59,17055449
FB,2017/3/23,139.48,140.39,139.09,139.53,13022801
FB,2017/3/24,140.08,141.0244,139.76,140.34,16664683
FB,2017/3/27,139.05,140.65,138.77,140.32,12800544
FB,2017/3/28,140.36,141.95,140.01,141.76,14679436
FB,2017/3/29,141.99,142.86,141.43,142.65,16527574
FB,2017/3/30,142.4,142.95,141.85,142.41,12403997
FB,2017/3/31,142.31,142.63,141.89,142.05,11478265
FB,2017/4/3,141.93,142.47,140.82,142.28,13563960
FB,2017/4/4,141.86,142.09,141.27,141.73,12948599
FB,2017/4/5,142.26,143.44,141.29,141.85,17158059
FB,2017/4/6,142.11,142.22,140.91,141.17,15103426
FB,2017/4/7,141.2,141.55,140.24,140.78,11811439
FB,2017/4/10,141,141.43,140.63,141.04,9039366
FB,2017/4/11,140.8,141.0299,138.81,139.92,16638087
FB,2017/4/12,139.72,140.4,139.44,139.58,11612456
FB,2017/4/13,139.62,140.58,139.33,139.39,10965614
FB,2017/4/17,139.76,141.55,139.75,141.42,11519663
FB,2017/4/18,141.27,141.905,140.61,140.96,14807472
FB,2017/4/19,141.35,143.04,141.27,142.27,15563945
FB,2017/4/20,142.95,144.25,142.689,143.8,15968164
FB,2017/4/21,143.9,144.17,142.27,143.68,12382002
FB,2017/4/24,144.96,145.6738,144.34,145.47,14407175
FB,2017/4/25,145.79,147.15,145.7898,146.49,17767523
FB,2017/4/26,147.09,147.59,146.09,146.56,12394959
FB,2017/4/27,146.67,147.75,146.14,147.7,11275112
FB,2017/4/28,149.5,151.53,149.07,150.25,30652248
FB,2017/5/1,151.74,152.57,151.42,152.46,25218300
FB,2017/5/2,153.34,153.44,151.66,152.78,21870380
FB,2017/5/3,153.6,153.6,151.34,151.8,29782492
FB,2017/5/4,150.17,151.52,148.72,150.85,36225452
FB,2017/5/5,151.45,151.63,149.79,150.24,17148543
FB,2017/5/8,150.71,151.08,149.74,151.06,15827488
FB,2017/5/9,151.49,152.59,150.21,150.48,17453859
FB,2017/5/10,150.23,150.52,148.86,150.29,12080650
FB,2017/5/11,150.31,150.65,149.41,150.04,11841864
FB,2017/5/12,150.4,150.46,149.63,150.33,9598229
FB,2017/5/15,150.17,151.48,149.77,150.19,15064664
FB,2017/5/16,150.11,150.21,149.03,149.78,14550830
FB,2017/5/17,148,148.67,144.4216,144.85,28300050
FB,2017/5/18,144.72,148.15,144.51,147.66,23031566
FB,2017/5/19,148.445,149.39,147.96,148.06,16187892
FB,2017/5/22,148.08,148.59,147.69,148.24,12586712
FB,2017/5/23,148.52,148.81,147.25,148.07,12817837
FB,2017/5/24,148.51,150.23,148.42,150.04,17940668
FB,2017/5/25,150.3,152.59,149.95,151.96,19891352
FB,2017/5/26,152.23,152.25,151.15,152.13,14996185
FB,2017/5/30,151.97,152.9,151.64,152.38,13226007
FB,2017/5/31,152.7,153.35,151.09,151.46,18023917
FB,2017/6/1,151.75,152.29,150.3,151.53,14530600
FB,2017/6/2,151.85,153.63,151.3,153.61,16854365
FB,2017/6/5,153.64,154.7088,153.41,153.63,12520387
FB,2017/6/6,153.41,154.52,152.48,152.81,13457119
FB,2017/6/7,153.27,153.75,152.34,153.12,12066657
FB,2017/6/8,154.08,154.73,153.1,154.71,17799449
FB,2017/6/9,154.77,155.59,146.61,149.6,35577676
FB,2017/6/12,148.17,149.195,144.56,148.44,33170180
FB,2017/6/13,150.15,151.18,148.9,150.68,20483350
FB,2017/6/14,151.26,152.4,149.05,150.25,20808759
FB,2017/6/15,147.67,150.0366,146.3747,149.8,18994152
FB,2017/6/16,149.59,150.83,148.6,150.64,22882417
FB,2017/6/19,151.71,153.57,151.71,152.87,19026462
FB,2017/6/20,152.88,153.84,152.21,152.25,14743853
FB,2017/6/21,152.36,154.08,151.88,153.91,15039834
FB,2017/6/22,153.01,154.55,152.91,153.4,13005535
FB,2017/6/23,152.72,155.2,152.65,155.07,18026977
FB,2017/6/26,156.25,156.5,153.1954,153.59,18049651
FB,2017/6/27,152.84,153.31,150.39,150.58,19360766
FB,2017/6/28,150.92,153.47,149.86,153.24,16719104
FB,2017/6/29,152.28,152.5,148.9175,151.04,23973482
FB,2017/6/30,151.9,151.92,150.06,150.98,17666022
FB,2017/7/3,151.72,152.15,147.8,148.43,13862735
FB,2017/7/5,149,150.85,148.13,150.34,14334290
FB,2017/7/6,149.03,150.04,148,148.82,14951802
FB,2017/7/7,149.25,151.99,149.19,151.44,13615931
FB,2017/7/10,151.69,153.98,151.51,153.5,13378672
FB,2017/7/11,153.37,155.4225,152.91,155.27,13667744
FB,2017/7/12,156.49,159.16,156.2,158.9,22739388
FB,2017/7/13,158.74,159.78,158.4227,159.26,13929236
FB,2017/7/14,160.13,160.32,159.3254,159.97,16371207
FB,2017/7/17,160.25,160.78,158.81,159.73,12858836
FB,2017/7/18,159.66,163.73,159.42,162.86,23722910
FB,2017/7/19,163.59,165.7,163.17,164.14,26273642
FB,2017/7/20,164.8,165,162.81,164.53,18523107
FB,2017/7/21,164.16,165.05,163.75,164.43,14744002
FB,2017/7/24,164.64,166.17,164.31,166,17366971
FB,2017/7/25,165.01,165.54,163.8619,165.28,15383241
FB,2017/7/26,166.01,166.01,164.1,165.61,35236867
FB,2017/7/27,174.7,175.49,167.5,170.44,68910708
FB,2017/7/28,169.07,173.43,169.05,172.45,24557553
FB,2017/7/31,172,172.72,168.55,169.25,25478945
FB,2017/8/1,169.82,170.47,169.05,169.86,14384957
FB,2017/8/2,170.3,170.55,166.91,169.3,17433774
FB,2017/8/3,169.3,169.7,168.25,168.59,10793841
FB,2017/8/4,168.97,170.06,168.69,169.62,10777727
FB,2017/8/7,169.95,172.06,169.66,171.98,12787844
FB,2017/8/8,171.88,173.05,170.62,171.23,14393524
FB,2017/8/9,169.98,171.45,169.56,171.18,10814984
FB,2017/8/10,170.06,170.59,166.85,167.4,20832746
FB,2017/8/11,167.95,168.82,166.85,168.08,13791153
FB,2017/8/14,170.09,171.08,169.29,170.75,12954231
FB,2017/8/15,171.49,171.5,170.01,171,8729172
FB,2017/8/16,171.25,171.38,169.24,170,15779924
FB,2017/8/17,169.34,169.86,166.85,166.91,17216030
FB,2017/8/18,166.84,168.67,166.21,167.41,15093638
FB,2017/8/21,167.16,168,165.82,167.78,11907488
FB,2017/8/22,168.28,169.87,167.15,169.64,11390975
FB,2017/8/23,168.84,169.36,168.2,168.71,9856473
FB,2017/8/24,168.88,169.29,166.41,167.74,14030420
FB,2017/8/25,167.86,168.38,166.18,166.32,12614477
FB,2017/8/28,166.91,167.7,166.33,167.24,8553741
FB,2017/8/29,165.25,168.425,165,168.05,11120986
FB,2017/8/30,168.17,170.18,167.63,169.92,11138293
FB,2017/8/31,170.4,172.145,170.06,171.97,17226465
FB,2017/9/1,172.4,172.915,171.31,172.02,11677589
FB,2017/9/5,171.27,172.3875,169.55,170.72,13221127
FB,2017/9/6,170.91,172.48,169.57,172.09,13906342
FB,2017/9/7,171.94,173.3067,170.27,173.21,18049527
FB,2017/9/8,173.09,173.49,170.8,170.95,10998459
FB,2017/9/11,172.4,173.89,172.2,173.51,12372040
FB,2017/9/12,173.76,174,171.75,172.96,11186328
FB,2017/9/13,173.01,173.17,172.06,173.05,9119295
FB,2017/9/14,172.26,172.28,170.5,170.96,15615654
FB,2017/9/15,170.88,172.34,170.26,171.64,15660539
FB,2017/9/18,171.99,172.07,169.34,170.01,12954013
FB,2017/9/19,170.62,172.56,170.36,172.52,13168595
FB,2017/9/20,172.5,173.05,170.7,172.17,12264125
FB,2017/9/21,171.69,172.27,170.01,171.11,11161412
FB,2017/9/22,170.21,171.73,169.22,170.54,12097138
FB,2017/9/25,169.24,169.3,161.56,162.87,41251583
FB,2017/9/26,164.5,165.5,162.78,164.21,23363335
FB,2017/9/27,165.9,168.34,165.57,167.68,19242548
FB,2017/9/28,167.94,169.0696,167.16,168.73,12178747
FB,2017/9/29,168.83,171.66,168.81,170.87,15340366
FB,2017/10/2,171.39,171.87,168.75,169.47,13392280
FB,2017/10/3,169.3,170.73,169.2,169.96,8190273
FB,2017/10/4,169.83,170.67,168.29,168.42,12127887
FB,2017/10/5,169.18,171.31,168.6,171.24,14580628
FB,2017/10/6,170.25,172.37,169.75,172.23,13124473
FB,2017/10/9,172.7,174.88,172,172.5,14570413
FB,2017/10/10,173,173.2,170.8,171.59,11341081
FB,2017/10/11,171.95,172.78,171.4,172.74,11283663
FB,2017/10/12,172.61,173.85,172.29,172.55,10351044
FB,2017/10/13,173.45,174.65,173.2,173.74,13658307
FB,2017/10/16,174.49,175,174.06,174.52,11498752
FB,2017/10/17,174.71,176.13,174.36,176.11,15990079
FB,2017/10/18,176.65,176.74,175.75,176.03,12752351
FB,2017/10/19,174.93,176.03,172.63,174.56,14048350
FB,2017/10/20,175.5,175.88,174.63,174.98,12602238
FB,2017/10/23,175.2,175.34,171.25,171.27,13852658
FB,2017/10/24,172.3,173.24,171.5,171.8,12267913
FB,2017/10/25,171.9,172.25,168.89,170.6,15868197
FB,2017/10/26,171.38,172.285,170.39,170.63,11833141
FB,2017/10/27,174.15,178.21,173.9,177.88,30285281
FB,2017/10/30,179.26,180.69,177.61,179.87,24353160
FB,2017/10/31,180.57,180.8,178.94,180.06,20174231
FB,2017/11/1,182.36,182.9,180.57,182.66,40918341
FB,2017/11/2,180.63,181.94,177.34,178.92,35529893
FB,2017/11/3,179.29,179.86,176.71,178.92,17822131
FB,2017/11/6,178.56,180.45,178.31,180.17,13312741
FB,2017/11/7,180.5,180.7478,178.96,180.25,12928182
FB,2017/11/8,179.79,180.35,179.11,179.56,10494149
FB,2017/11/9,178.31,179.4,177.09,179.3,12557573
FB,2017/11/10,178.35,179.0999,177.96,178.46,11070189
FB,2017/11/13,177.5,179.04,177.3,178.77,9523447
FB,2017/11/14,178.13,178.97,177.18,178.07,9585868
FB,2017/11/15,176.66,178.57,176.4,177.95,10253667
FB,2017/11/16,178.76,179.83,178.5,179.59,15607582
FB,2017/11/17,179.3,179.98,178.9,179,13017980
FB,2017/11/20,178.87,179.5,178.1,178.74,10052391
FB,2017/11/21,179.15,181.89,178.99,181.86,14503990
FB,2017/11/22,181.3,181.73,180.44,180.87,10376329
FB,2017/11/24,180.4,183.15,180.29,182.78,9426283
FB,2017/11/27,182.56,183.73,181.99,183.03,12344516
FB,2017/11/28,183.51,184.25,182.09,182.42,14379674
FB,2017/11/29,181.89,181.97,174,175.13,41933484
FB,2017/11/30,176.85,178.275,175.2,177.18,25307601
FB,2017/12/1,176.03,177.48,172.34,175.1,20182523
FB,2017/12/4,176.29,176.57,170.79,171.47,24459422
FB,2017/12/5,170.45,175.38,169.01,172.83,20184908
FB,2017/12/6,172.5,176.77,171.9,176.06,20255846
FB,2017/12/7,175.8,180.39,175.8,180.14,20404533
FB,2017/12/8,181.53,182.28,178.7401,179,19883764
FB,2017/12/11,179.3,180.22,178.8,179.04,13168575
FB,2017/12/12,178.6,179.18,176.6,176.96,16854098
FB,2017/12/13,177.3,179.16,177.25,178.3,14615718
FB,2017/12/14,178.29,180.3601,177.68,178.39,13590999
FB,2017/12/15,179.02,180.4934,178.36,180.18,28463101
FB,2017/12/18,181.01,181.3,179.75,180.82,17265376
FB,2017/12/19,179.95,180.08,178.22,179.51,14920582
FB,2017/12/20,179.81,179.81,177.36,177.89,11860497
FB,2017/12/21,177.94,178.68,177.05,177.45,11600700
FB,2017/12/22,177.14,177.53,176.23,177.2,8509451
FB,2017/12/26,176.63,177,174.67,175.99,8897286
FB,2017/12/27,176.55,178.44,176.26,177.62,9496071
FB,2017/12/28,177.95,178.9367,177.68,177.92,12220760
FB,2017/12/29,178,178.85,176.46,176.46,10261456
AAPL,2017/1/3,112.2815,112.7954,111.2731,112.6208,28781865
AAPL,2017/1/4,112.3299,112.9699,112.233,112.4948,21118116
AAPL,2017/1/5,112.3978,113.3133,112.2912,113.0669,22193587
AAPL,2017/1/6,113.2317,114.5698,112.9311,114.3274,31751900
AAPL,2017/1/9,114.3661,115.8012,114.3564,115.3745,33561948
AAPL,2017/1/10,115.1612,115.7527,114.7055,115.4909,24462051
AAPL,2017/1/11,115.1321,116.286,114.9964,116.1114,27588593
AAPL,2017/1/12,115.2824,115.6751,114.6182,115.6266,27086220
AAPL,2017/1/13,115.4909,115.9854,115.2,115.423,26111948
AAPL,2017/1/17,114.7443,116.5866,114.6279,116.3538,34439843
AAPL,2017/1/18,116.3538,116.8387,116.0727,116.3442,23712961
AAPL,2017/1/19,115.7721,116.4411,115.743,116.1405,25597291
AAPL,2017/1/20,116.7902,116.7902,116.0965,116.3538,32597892
AAPL,2017/1/23,116.3538,117.1392,116.1308,116.4314,22050218
AAPL,2017/1/24,115.9175,116.4508,115.869,116.3248,23211038
AAPL,2017/1/25,116.7611,118.39,116.6253,118.1767,32586673
AAPL,2017/1/26,117.9731,118.7197,117.9052,118.2349,26337576
AAPL,2017/1/27,118.4288,118.6324,117.9052,118.2446,20562944
AAPL,2017/1/30,117.2556,117.9343,116.9938,117.9343,30377503
AAPL,2017/1/31,117.4689,117.7016,116.955,117.6628,49200993
AAPL,2017/2/1,123.1702,126.5251,123.1509,124.838,111985040
AAPL,2017/2/2,124.0865,125.4585,123.8975,124.6247,33710411
AAPL,2017/2/3,124.4114,125.2646,124.2659,125.158,24507301
AAPL,2017/2/6,125.2064,126.5348,124.9834,126.3312,26845924
AAPL,2017/2/7,126.5736,128.0765,126.4863,127.5335,38183841
AAPL,2017/2/8,127.359,128.2026,127.2329,128.028,23004072
AAPL,2017/2/9,128.2033,128.9775,127.6872,128.9532,28349859
AAPL,2017/2/10,128.9921,129.4596,128.5928,128.661,20065458
AAPL,2017/2/13,129.5959,130.3165,129.2745,129.8004,23035421
AAPL,2017/2/14,129.9757,131.5533,129.7614,131.4851,33226223
AAPL,2017/2/15,131.972,132.7024,131.0956,131.9623,35623100
AAPL,2017/2/16,132.1181,132.3421,131.3096,131.8016,22584555
AAPL,2017/2/17,131.563,132.2739,131.563,132.1668,22198197
AAPL,2017/2/21,132.6634,133.1698,132.42,133.1211,24507156
AAPL,2017/2/22,132.8582,133.5301,132.5466,133.5204,20836932
AAPL,2017/2/23,133.7833,133.8807,132.7316,132.9556,20788186
AAPL,2017/2/24,132.3518,133.0822,131.7383,133.0822,21776585
AAPL,2017/2/27,133.5496,133.8369,132.7121,133.3451,20257426
AAPL,2017/2/28,133.4912,133.8369,133.1211,133.4035,23482860
AAPL,2017/3/1,134.28,136.4808,133.9927,136.1302,36414585
AAPL,2017/3/2,136.3347,136.606,135.1272,135.3219,26210984
AAPL,2017/3/3,135.1467,136.1692,134.9616,136.1205,21571121
AAPL,2017/3/6,135.7163,136.1107,134.9674,135.692,21750044
AAPL,2017/3/7,135.4193,136.3152,135.1564,135.8673,17446297
AAPL,2017/3/8,135.3122,136.14,135.1856,135.3609,18707236
AAPL,2017/3/9,135.1077,135.1564,133.4619,135.0493,22155904
AAPL,2017/3/10,135.6044,135.7086,135.0103,135.4972,19612801
AAPL,2017/3/13,135.2148,135.7796,135.1856,135.5557,17421717
AAPL,2017/3/14,135.653,135.9939,135.2051,135.3512,15309065
AAPL,2017/3/15,135.7602,137.0652,135.3852,136.7827,25691774
AAPL,2017/3/16,137.0359,137.328,136.5879,137.0067,19231998
AAPL,2017/3/17,137.3085,137.3085,136.2276,136.325,43884952
AAPL,2017/3/20,136.7242,137.7954,136.5587,137.7565,21542038
AAPL,2017/3/21,138.3895,139.0614,136.0718,136.1789,39529912
AAPL,2017/3/22,136.1838,137.8928,136.101,137.7175,25860165
AAPL,2017/3/23,137.5617,137.8776,136.9287,137.2306,20346301
AAPL,2017/3/24,137.7954,138.0292,136.6756,136.958,22395563
AAPL,2017/3/27,135.7407,137.5228,134.9908,137.1917,23575094
AAPL,2017/3/28,137.2209,140.2689,136.9385,140.0352,33374805
AAPL,2017/3/29,139.9184,140.7072,139.4412,140.3469,29189955
AAPL,2017/3/30,140.415,140.7169,139.7431,140.1618,21207252
AAPL,2017/3/31,139.9573,140.4929,139.2659,139.8989,19661651
AAPL,2017/4/3,139.9476,140.3469,139.3049,139.9378,19985714
AAPL,2017/4/4,139.4996,141.0967,139.4217,140.9798,19891354
AAPL,2017/4/5,140.4442,141.6518,140.045,140.2495,27717854
AAPL,2017/4/6,140.5124,140.7364,139.6944,139.8989,21149034
AAPL,2017/4/7,139.9671,140.4053,139.5191,139.5873,16658543
AAPL,2017/4/10,139.8405,140.1124,139.1588,139.4217,18933397
AAPL,2017/4/11,139.1977,139.597,136.3931,137.922,30379376
AAPL,2017/4/12,137.8928,138.4284,137.3183,138.0876,20350000
AAPL,2017/4/13,138.1947,138.6524,137.3572,137.3572,17822880
AAPL,2017/4/17,137.776,138.1655,137.1819,138.1168,16582094
AAPL,2017/4/18,137.7078,138.3213,137.4157,137.5033,14697544
AAPL,2017/4/19,138.1655,138.2824,136.7729,136.9969,17328375
AAPL,2017/4/20,137.5228,139.1783,137.4643,138.7108,23319562
AAPL,2017/4/21,138.7108,138.9445,138.1363,138.5453,17320928
AAPL,2017/4/24,139.7431,140.1813,139.4315,139.8794,17134333
AAPL,2017/4/25,140.1423,141.1064,140.1034,140.7461,18871501
AAPL,2017/4/26,140.6877,140.8143,139.6225,139.9184,20041241
AAPL,2017/4/27,140.1545,140.3858,139.5581,140.0255,14246347
AAPL,2017/4/28,140.3176,140.5221,139.5191,139.8892,20860358
AAPL,2017/5/1,141.3012,143.3462,141.1649,142.7424,33602943
AAPL,2017/5/2,143.6773,144.2129,142.9956,143.6481,45352194
AAPL,2017/5/3,141.7784,143.6286,140.4929,143.2099,45697034
AAPL,2017/5/4,142.684,143.2878,141.9926,142.6938,23371872
AAPL,2017/5/5,142.9177,145.0796,142.9177,145.0601,27327725
AAPL,2017/5/8,145.1283,149.676,145.1283,149.0041,48752413
AAPL,2017/5/9,149.8416,150.8251,149.4326,149.9584,39130363
AAPL,2017/5/10,149.6079,149.9098,148.1277,149.2476,25805692
AAPL,2017/5/11,149.0716,150.6557,148.9347,150.5384,27255058
AAPL,2017/5/12,151.2717,152.9536,151.2424,152.6407,32527017
AAPL,2017/5/15,152.5527,153.1785,151.614,152.2496,26009719
AAPL,2017/5/16,152.4843,152.6016,151.2913,152.0247,20048478
AAPL,2017/5/17,150.1961,151.1446,146.3923,146.9204,50767678
AAPL,2017/5/18,147.9178,149.9419,147.7809,149.1596,33568215
AAPL,2017/5/19,149.981,150.5677,149.2476,149.6681,26960788
AAPL,2017/5/22,150.5873,151.1544,149.5214,150.5775,22966437
AAPL,2017/5/23,151.4673,151.4673,149.9125,150.3917,19918871
AAPL,2017/5/24,150.4308,150.7535,149.2867,149.9419,19219154
AAPL,2017/5/25,150.3232,150.9295,149.6387,150.4601,19235598
AAPL,2017/5/26,150.5873,150.8219,149.9125,150.2059,21927637
AAPL,2017/5/30,150.0201,151.0077,149.9321,150.2646,20126851
AAPL,2017/5/31,150.5579,150.7535,149.0032,149.3747,24451164
AAPL,2017/6/1,149.7756,149.9321,148.8467,149.7854,16404088
AAPL,2017/6/2,150.1766,152.0051,149.5018,152.0051,27770715
AAPL,2017/6/5,150.9197,151.0273,150.0592,150.5188,25331662
AAPL,2017/6/6,150.4895,152.3571,150.3721,151.0273,26624926
AAPL,2017/6/7,151.5846,152.5234,151.0566,151.9269,21069647
AAPL,2017/6/8,151.8096,152.0931,150.9784,151.5553,21250798
AAPL,2017/6/9,151.7509,151.7509,142.7841,145.6785,64882657
AAPL,2017/6/12,142.5103,142.8525,139.3519,142.1974,72307330
AAPL,2017/6/13,143.8988,144.1824,141.9334,143.3415,34165445
AAPL,2017/6/14,144.2313,144.2313,140.6524,141.9432,31531232
AAPL,2017/6/15,140.1439,141.278,139.0585,141.0924,32165373
AAPL,2017/6/16,140.5937,141.2978,139.0487,139.1172,50361093
AAPL,2017/6/19,140.4764,143.4881,140.4764,143.097,32541404
AAPL,2017/6/20,143.6153,143.6153,141.728,141.7965,24900073
AAPL,2017/6/21,142.2952,142.8323,141.4053,142.6374,21265751
AAPL,2017/6/22,142.5396,143.449,141.9039,142.4027,19106294
AAPL,2017/6/23,141.9138,143.8988,141.8943,143.0383,35439389
AAPL,2017/6/26,143.9086,144.994,142.1583,142.5885,25692361
AAPL,2017/6/27,141.7965,142.921,140.4373,140.5448,24761891
AAPL,2017/6/28,141.288,142.8721,139.9876,142.5983,22082432
AAPL,2017/6/29,141.5031,141.9138,139.127,140.4959,31499368
AAPL,2017/6/30,141.2489,141.7476,140.5937,140.8284,23024107
AAPL,2017/7/3,141.6694,142.0801,139.9288,140.3199,14277848
AAPL,2017/7/5,140.5057,141.5814,139.5608,140.8969,21569557
AAPL,2017/7/6,139.8506,140.3199,139.2541,139.567,24128782
AAPL,2017/7/7,139.7332,141.5422,139.7332,140.9849,19201712
AAPL,2017/7/10,140.9164,142.7156,140.1928,141.8454,21090636
AAPL,2017/7/11,141.5227,142.6179,141.1804,142.305,19781836
AAPL,2017/7/12,142.6374,142.9405,141.6107,142.5103,24884478
AAPL,2017/7/13,142.2756,145.1994,142.2169,144.4953,25199373
AAPL,2017/7/14,144.6909,146.0207,144.0651,145.7372,20132061
AAPL,2017/7/17,145.522,147.5559,145.2776,146.2456,23793456
AAPL,2017/7/18,145.8936,146.803,145.3754,146.7541,17868792
AAPL,2017/7/19,147.1453,148.0644,146.627,147.6733,20922969
AAPL,2017/7/20,148.1427,148.3773,146.8617,147.0084,17243748
AAPL,2017/7/21,146.6661,147.1061,145.5807,146.9399,26252630
AAPL,2017/7/24,147.243,149.0618,146.5781,148.7196,21493160
AAPL,2017/7/25,148.436,150.4308,148.436,149.3552,18853932
AAPL,2017/7/26,149.9517,150.5188,149.6681,150.0592,15780951
AAPL,2017/7/27,150.3428,150.5775,144.0357,147.2235,32476337
AAPL,2017/7/28,146.5683,146.9008,145.8838,146.187,17213653
AAPL,2017/7/31,146.5781,146.9986,144.8473,145.434,19845920
AAPL,2017/8/1,153.5794,155.3982,153.1982,155.0755,21194042
AAPL,2017/8/2,155.7502,156.2098,152.6994,153.6577,69936800
AAPL,2017/8/3,153.5697,153.7261,151.5846,152.1225,27097296
AAPL,2017/8/4,152.6114,153.9119,152.2398,152.9243,20559852
AAPL,2017/8/7,153.5794,155.3982,153.1982,155.2907,21870321
AAPL,2017/8/8,155.0853,158.2437,154.7626,156.5325,36205896
AAPL,2017/8/9,155.7307,157.6961,155.584,157.4908,26131530
AAPL,2017/8/10,156.9706,157.0687,151.7971,152.4745,40804273
AAPL,2017/8/11,153.731,155.6677,153.2107,154.5949,26257096
AAPL,2017/8/14,156.4012,157.2749,155.8416,156.9215,22122734
AAPL,2017/8/15,157.7166,159.2235,157.2062,158.6394,29465487
AAPL,2017/8/16,158.9732,159.5328,157.216,158.0013,27671612
AAPL,2017/8/17,157.5792,157.7657,154.9483,154.9679,27940565
AAPL,2017/8/18,154.9679,156.5779,153.8488,154.6145,27428069
AAPL,2017/8/21,154.6145,154.9974,152.2684,154.3299,26368528
AAPL,2017/8/22,155.3312,157.0687,155.125,156.8528,21604585
AAPL,2017/8/23,156.1558,157.5301,155.9693,157.0491,19399081
AAPL,2017/8/24,157.4909,157.7952,155.6453,156.3521,19818918
AAPL,2017/8/25,156.7252,157.6185,156.3521,156.9313,25480063
AAPL,2017/8/28,157.2062,159.0321,157,158.5118,25965972
AAPL,2017/8/29,157.1669,160.1316,157.0687,159.9254,29516910
AAPL,2017/8/30,160.7991,160.8875,159.6309,160.3574,27269584
AAPL,2017/8/31,160.6421,161.5059,160.485,160.9955,26785096
AAPL,2017/9/1,161.7808,161.9182,160.6322,161.0445,16591051
AAPL,2017/9/5,160.75,161.2409,157.6185,159.1106,29536314
AAPL,2017/9/6,159.7291,160.004,157.5792,158.9437,21651726
AAPL,2017/9/7,159.1205,159.2677,157.4221,158.3057,21928502
AAPL,2017/9/8,157.913,158.1977,155.6257,155.7238,28611535
AAPL,2017/9/11,157.5596,159.0812,156.9608,158.5413,31580798
AAPL,2017/9/12,159.6309,160.9562,155.8613,157.913,71714046
AAPL,2017/9/13,156.9411,157.0295,155.017,156.7252,44907361
AAPL,2017/9/14,156.0772,156.4797,155.1937,155.3802,23760749
AAPL,2017/9/15,155.5668,158.021,155.1054,156.9509,49114602
AAPL,2017/9/18,157.1767,157.5596,155.1005,155.7631,28269435
AAPL,2017/9/19,156.5877,156.843,155.5373,155.822,20810632
AAPL,2017/9/20,155.0072,155.3606,151.0118,153.2107,52951364
AAPL,2017/9/21,152.9457,152.9457,149.9516,150.5798,37511661
AAPL,2017/9/22,149.2349,149.4804,147.8017,149.1073,46645443
AAPL,2017/9/25,147.2421,149.0484,146.4273,147.7919,44387336
AAPL,2017/9/26,148.9993,151.1001,148.911,150.3344,36660045
AAPL,2017/9/27,150.9823,151.8844,150.7271,151.4044,25504227
AAPL,2017/9/28,151.0707,151.4535,149.9025,150.4719,22005455
AAPL,2017/9/29,150.4031,151.3063,149.2153,151.2965,26299810
AAPL,2017/10/2,151.4339,151.6204,149.9221,150.9921,18698842
AAPL,2017/10/3,151.1885,152.2487,151.0903,151.6499,16230293
AAPL,2017/10/4,150.8154,151.0412,149.6669,150.6682,20163750
AAPL,2017/10/5,151.3554,152.5923,151.2277,152.5432,21283769
AAPL,2017/10/6,152.1309,152.6414,151.7284,152.4548,17407558
AAPL,2017/10/9,152.9555,153.8586,152.6365,152.985,16262923
AAPL,2017/10/10,153.196,155.1054,152.2585,153.0439,15617014
AAPL,2017/10/11,153.1126,154.1041,152.8966,153.6819,16905640
AAPL,2017/10/12,153.4856,154.4869,152.8769,153.142,16125054
AAPL,2017/10/13,153.8586,154.3986,153.5445,154.1139,16394188
AAPL,2017/10/16,155.0072,157.0687,154.7618,156.9509,24121452
AAPL,2017/10/17,156.8528,157.9228,156.3128,157.5301,18997275
AAPL,2017/10/18,157.481,157.7657,156.6761,156.8331,16374164
AAPL,2017/10/19,153.8783,154.2022,152.18,153.1224,42584166
AAPL,2017/10/20,153.7408,154.86,153.1028,153.3874,23974146
AAPL,2017/10/23,154.0157,154.8011,152.6512,153.3089,21984327
AAPL,2017/10/24,153.4267,154.536,153.3384,154.2219,17757230
AAPL,2017/10/25,154.0353,154.6636,152.4254,153.5445,21207098
AAPL,2017/10/26,154.3495,154.938,153.9077,154.5262,17000469
AAPL,2017/10/27,156.3717,160.6028,155.7926,160.0629,44454160
AAPL,2017/10/30,160.8875,164.9909,160.7206,163.6656,44700772
AAPL,2017/10/31,164.824,166.5419,163.8816,165.9431,36046828
AAPL,2017/11/1,166.7579,166.8266,162.576,163.8325,33637762
AAPL,2017/11/2,164.5688,165.413,162.252,165.0302,41393373
AAPL,2017/11/3,170.8123,171.0675,167.985,169.3397,59398631
AAPL,2017/11/6,169.2072,171.7841,168.574,171.0577,35026306
AAPL,2017/11/7,170.7239,172.0394,170.4196,171.6074,24361485
AAPL,2017/11/8,171.4602,173.0112,171.1362,173.0112,24409527
AAPL,2017/11/9,171.9019,172.8689,169.968,172.6578,29185668
AAPL,2017/11/10,172.5199,172.7859,171.6923,172.0864,25145500
AAPL,2017/11/13,170.9337,171.9189,170.8352,171.3967,16982080
AAPL,2017/11/14,170.4805,170.914,168.648,168.8056,24782487
AAPL,2017/11/15,167.4559,167.8004,165.8894,166.5791,29158070
AAPL,2017/11/16,168.648,169.3278,167.781,168.5692,23637484
AAPL,2017/11/17,168.5101,168.8549,167.1308,167.6333,21899544
AAPL,2017/11/20,167.7712,168.0372,167.052,167.4658,16262447
AAPL,2017/11/21,168.2539,171.1307,168.2539,170.579,25131295
AAPL,2017/11/22,170.7958,172.4115,170.4904,172.3721,25588925
AAPL,2017/11/24,172.51,172.9041,172.0626,172.382,14026673
AAPL,2017/11/27,172.4608,172.4903,170.7761,171.515,20716802
AAPL,2017/11/28,171.7219,172.2834,169.318,170.5101,26428802
AAPL,2017/11/29,170.0766,170.3623,164.6875,166.9732,41666364
AAPL,2017/11/30,167.9091,169.5938,165.9485,169.3081,41527218
AAPL,2017/12/1,167.4362,169.1308,166.0077,168.5199,39759288
AAPL,2017/12/4,169.9288,170.0667,167.1209,167.2884,32542385
AAPL,2017/12/5,166.5594,168.983,165.9091,167.1308,27350154
AAPL,2017/12/6,165.0224,167.6871,163.9978,166.5101,28560000
AAPL,2017/12/7,166.5298,167.919,166.4116,166.8155,25673308
AAPL,2017/12/8,167.9682,168.4707,166.3229,166.8648,23355231
AAPL,2017/12/11,166.6973,170.3327,166.2934,170.116,35273759
AAPL,2017/12/12,169.6037,169.8401,168.9249,169.1603,19409230
AAPL,2017/12/13,169.9485,170.9731,169.4559,169.7219,23818447
AAPL,2017/12/14,169.85,170.5692,169.1111,169.6726,20476541
AAPL,2017/12/15,171.0618,171.5938,169.9091,171.3967,40169307
AAPL,2017/12/18,172.2933,174.579,172.2736,173.8105,29421114
AAPL,2017/12/19,172.4411,172.7957,171.515,171.9583,27436447
AAPL,2017/12/20,172.2834,172.8253,170.6874,171.7711,23475649
AAPL,2017/12/21,171.5938,173.4164,171.5248,172.4214,20949896
AAPL,2017/12/22,172.0962,172.8292,171.9189,172.4214,16349444
AAPL,2017/12/26,168.2736,168.9337,167.1692,168.047,33185536
AAPL,2017/12/27,167.584,168.2539,167.1998,168.0766,21498213
AAPL,2017/12/28,168.4707,169.3081,167.9584,168.5495,16480187
AAPL,2017/12/29,167.9978,168.0667,166.717,166.7269,25999922
SNAP,2017/3/2,24,26.05,23.5,24.48,217109769
SNAP,2017/3/3,26.39,29.44,26.06,27.09,148227379
SNAP,2017/3/6,28.17,28.25,23.77,23.77,72938848
SNAP,2017/3/7,22.21,22.5,20.64,21.44,71899652
SNAP,2017/3/8,22.03,23.43,21.31,22.81,49834423
SNAP,2017/3/9,23.15,23.68,22.51,22.71,25803174
SNAP,2017/3/10,23.36,23.4,22,22.07,18337600
SNAP,2017/3/13,22.05,22.15,20.96,21.09,20605862
SNAP,2017/3/14,20.9,20.98,20.15,20.58,20033167
SNAP,2017/3/15,20.08,21.4,20.05,20.77,24985920
SNAP,2017/3/16,20.65,20.69,19.75,19.89,25630157
SNAP,2017/3/17,19.8,19.85,18.9,19.54,34251973
SNAP,2017/3/20,19.94,20.43,19.72,19.93,21016038
SNAP,2017/3/21,20.04,20.54,19.55,20.38,20080142
SNAP,2017/3/22,20.65,22.25,20.52,21.82,47599301
SNAP,2017/3/23,22.69,23.3,22.22,23.13,40645418
SNAP,2017/3/24,23.05,23.1,22.3398,22.74,17263232
SNAP,2017/3/27,23.09,24.4,22.5999,23.83,48398210
SNAP,2017/3/28,23.31,23.36,22.17,22.21,49889866
SNAP,2017/3/29,21.77,22.71,21.33,22.55,31475593
SNAP,2017/3/30,22.55,22.85,22,22.23,17094311
SNAP,2017/3/31,22.05,22.62,22,22.53,15087074
SNAP,2017/4/3,22.7,22.9,22.11,22.35,12521294
SNAP,2017/4/4,22.21,22.67,21.88,22.14,16313506
SNAP,2017/4/5,22.15,22.22,20.67,20.7,26099307
SNAP,2017/4/6,20.76,20.76,20.03,20.57,21933897
SNAP,2017/4/7,20.68,21.08,20.6,20.82,10574747
SNAP,2017/4/10,21.09,21.27,20.7,20.97,8629845
SNAP,2017/4/11,21.01,21.2,20.34,20.7,13310727
SNAP,2017/4/12,20.7,20.83,20.18,20.22,9362568
SNAP,2017/4/13,20.2,20.37,19.81,20.19,13600361
SNAP,2017/4/17,20.09,20.21,19.8,19.94,11714666
SNAP,2017/4/18,19.83,20.89,19.73,20.55,15974661
SNAP,2017/4/19,20.5,20.91,20.41,20.62,8737757
SNAP,2017/4/20,20.63,21.26,20.62,21.15,10025578
SNAP,2017/4/21,21.37,21.49,20.71,20.93,7742074
SNAP,2017/4/24,21.2,21.3,21.01,21.2,5928215
SNAP,2017/4/25,21.08,21.4,20.56,21.34,9588043
SNAP,2017/4/26,21.25,21.65,21.08,21.58,10141339
SNAP,2017/4/27,21.58,22.12,21.58,22.01,10764391
SNAP,2017/4/28,22.05,22.59,22.01,22.55,9031607
SNAP,2017/5/1,22.66,22.84,22.11,22.21,7959265
SNAP,2017/5/2,22.37,22.37,21.75,21.99,8135878
SNAP,2017/5/3,21.8,22.21,21.6328,21.82,7074347
SNAP,2017/5/4,22.18,23.22,21.9,22.59,18997904
SNAP,2017/5/5,23.08,23.25,22.51,23.19,12833904
SNAP,2017/5/8,23.17,23.57,22.2253,22.46,18088030
SNAP,2017/5/9,22.7,23.44,22.675,23.32,17934983
SNAP,2017/5/10,23.11,23.32,22.87,22.98,47513215
SNAP,2017/5/11,17.96,18.9,17.59,18.05,131859462
SNAP,2017/5/12,18.44,19.48,18.16,19.14,68971017
SNAP,2017/5/15,19.57,20.95,19.49,20.74,69830020
SNAP,2017/5/16,20.54,20.88,20.15,20.78,41017368
SNAP,2017/5/17,20.56,20.59,19.69,19.9,29254481
SNAP,2017/5/18,19.86,20.58,19.86,20.27,16005035
SNAP,2017/5/19,20.42,20.64,19.93,20,18960743
SNAP,2017/5/22,20.14,20.34,20.01,20.08,9151936
SNAP,2017/5/23,20.14,20.3,19.9,20.03,8239193
SNAP,2017/5/24,20.2,20.62,20,20.53,13810427
SNAP,2017/5/25,20.16,21.94,20.11,21.93,24325952
SNAP,2017/5/26,21.66,21.7,21.07,21.22,13374035
SNAP,2017/5/30,21.3,21.58,21.01,21.45,9509369
SNAP,2017/5/31,21.5,21.75,21.0942,21.21,9507158
SNAP,2017/6/1,21.32,21.45,21.19,21.34,7146544
SNAP,2017/6/2,21.34,21.45,21,21.09,9595392
SNAP,2017/6/5,20.52,20.89,20.14,20.21,15225105
SNAP,2017/6/6,20.22,20.44,20.13,20.36,6666421
SNAP,2017/6/7,20.37,20.489,19.45,19.56,16976983
SNAP,2017/6/8,19.4,19.4,18.18,18.85,32644868
SNAP,2017/6/9,18.41,18.46,17.88,18.08,31118878
SNAP,2017/6/12,18.05,18.43,17.56,18.2,16172929
SNAP,2017/6/13,18.38,18.58,18.08,18.1,11899206
SNAP,2017/6/14,18.25,18.29,17.76,17.88,9455240
SNAP,2017/6/15,17.72,17.75,17,17,22971179
SNAP,2017/6/16,17.14,17.88,17,17.54,18955724
SNAP,2017/6/19,17.85,18.34,17.03,17.88,28862728
SNAP,2017/6/20,17.82,17.89,17.23,17.31,13960967
SNAP,2017/6/21,17.27,17.43,17.13,17.27,8711473
SNAP,2017/6/22,17.45,17.8,17.21,17.64,9873476
SNAP,2017/6/23,17.82,17.82,17.47,17.54,7083637
SNAP,2017/6/26,17.7,17.73,17.23,17.29,9873280
SNAP,2017/6/27,17.21,17.48,17.2,17.34,7718562
SNAP,2017/6/28,17.34,17.78,17.33,17.76,10456962
SNAP,2017/6/29,17.69,18.13,17.67,17.89,12193935
SNAP,2017/6/30,18.03,18.0799,17.62,17.77,5993751
SNAP,2017/7/3,17.91,17.92,17.45,17.59,3285663
SNAP,2017/7/5,17.57,17.59,17.22,17.32,6042612
SNAP,2017/7/6,17.25,17.38,17.235,17.31,6191798
SNAP,2017/7/7,17.33,17.38,17.15,17.18,4546654
SNAP,2017/7/10,17.16,17.21,16.95,16.99,8566640
SNAP,2017/7/11,16.33,16.36,15.44,15.47,41936333
SNAP,2017/7/12,15.54,15.75,15.21,15.24,19528366
SNAP,2017/7/13,15.78,15.97,15.56,15.69,21598350
SNAP,2017/7/14,15.44,15.59,15.265,15.27,14645605
SNAP,2017/7/17,15.3,15.43,15.12,15.13,13289636
SNAP,2017/7/18,15.17,15.25,14.63,14.73,19933981
SNAP,2017/7/19,14.86,15.24,14.8,14.97,14394582
SNAP,2017/7/20,15.05,15.14,14.72,14.89,11870198
SNAP,2017/7/21,14.8,14.84,14.34,14.48,14252724
SNAP,2017/7/24,14.45,14.48,14.02,14.08,14763826
SNAP,2017/7/25,14.06,14.11,13.65,13.89,15148893
SNAP,2017/7/26,13.74,13.82,13.4,13.4,21614399
SNAP,2017/7/27,13.15,14.1,13.14,14,27167855
SNAP,2017/7/28,13.9,14.03,13.5,13.81,16735539
SNAP,2017/7/31,13.42,13.98,13.1,13.67,48964556
SNAP,2017/8/1,13.77,13.7746,13.07,13.1,27629924
SNAP,2017/8/2,13.22,13.25,12.52,12.65,25294742
SNAP,2017/8/3,12.65,13.15,11.905,12.93,61533506
SNAP,2017/8/4,13.17,13.7,12.83,13.52,53080707
SNAP,2017/8/7,13.86,14.06,13.24,13.39,34037655
SNAP,2017/8/8,13.28,13.29,12.82,13.02,30037638
SNAP,2017/8/9,12.96,13.65,12.78,13.56,26831893
SNAP,2017/8/10,13.58,13.9623,13.26,13.77,57716499
SNAP,2017/8/11,12,12.34,11.77,11.83,83853248
SNAP,2017/8/14,11.49,13.14,11.28,12.6,84794870
SNAP,2017/8/15,13.05,13.3,12.66,12.74,43528305
SNAP,2017/8/16,12.5,13.25,12.48,13.12,33264924
SNAP,2017/8/17,12.95,13.5,12.95,13.35,36194310
SNAP,2017/8/18,13.3,14.25,13.26,14.01,46204708
SNAP,2017/8/21,14.27,14.59,13.35,13.58,44263525
SNAP,2017/8/22,13.85,14.56,13.81,14.53,38183027
SNAP,2017/8/23,14.55,15.13,14.38,15.09,65743141
SNAP,2017/8/24,15.24,15.34,14.43,14.53,30674563
SNAP,2017/8/25,14.62,14.85,14.45,14.78,23066766
SNAP,2017/8/28,14.8,15.26,14.77,15.19,28018988
SNAP,2017/8/29,15.05,15.31,14.88,14.99,20725594
SNAP,2017/8/30,14.92,15.11,14.76,14.96,22479225
SNAP,2017/8/31,14.98,15.05,14.51,14.51,23084722
SNAP,2017/9/1,14.5,14.5,14.01,14.27,26055749
SNAP,2017/9/5,14.28,14.57,14.08,14.49,21338887
SNAP,2017/9/6,14.42,14.54,14.17,14.5,23117196
SNAP,2017/9/7,14.43,15.58,14.4,15.15,45555411
SNAP,2017/9/8,15.17,15.8,15.1,15.34,36588463
SNAP,2017/9/11,15.25,15.57,14.8894,15.27,32998892
SNAP,2017/9/12,15.25,15.75,15.01,15.13,48940495
SNAP,2017/9/13,15.2,15.33,14.855,15.03,24125666
SNAP,2017/9/14,14.95,15.18,14.82,14.91,16333746
SNAP,2017/9/15,14.99,15.31,14.93,15.25,34145892
SNAP,2017/9/18,15.32,15.33,14.81,14.92,20935098
SNAP,2017/9/19,14.9,14.9,14.46,14.72,23447127
SNAP,2017/9/20,14.68,14.7,14.05,14.16,24856596
SNAP,2017/9/21,13.99,14.11,13.51,13.77,25231686
SNAP,2017/9/22,13.72,13.92,13.62,13.7,12309753
SNAP,2017/9/25,13.5,13.51,13.07,13.22,18483909
SNAP,2017/9/26,13.33,13.98,13.3,13.91,20062271
SNAP,2017/9/27,14,14.25,13.825,14.12,16667613
SNAP,2017/9/28,14.2,14.59,13.97,14.45,17561111
SNAP,2017/9/29,14.43,14.7,14.3,14.54,20577671
SNAP,2017/10/2,14.6,15.04,14.405,14.88,21212148
SNAP,2017/10/3,14.87,15.1,14.59,14.64,16753837
SNAP,2017/10/4,14.84,14.9,14.35,14.53,15687480
SNAP,2017/10/5,14.3,14.56,14.1,14.48,13162735
SNAP,2017/10/6,14.38,14.84,14.32,14.79,11941136
SNAP,2017/10/9,14.81,14.92,14.67,14.71,9183338
SNAP,2017/10/10,14.71,14.87,14.32,14.34,13775068
SNAP,2017/10/11,14.64,15.98,14.465,15.98,40908094
SNAP,2017/10/12,16.07,16.86,15.82,16.55,63193078
SNAP,2017/10/13,16.48,16.88,16.22,16.5,24513431
SNAP,2017/10/16,16.68,16.73,15.91,16.07,20894928
SNAP,2017/10/17,16.29,16.61,16.05,16.09,15090970
SNAP,2017/10/18,16.3,16.349,15.69,15.75,18329969
SNAP,2017/10/19,15.47,15.59,15.18,15.25,19244600
SNAP,2017/10/20,15.39,15.57,15.21,15.56,12876979
SNAP,2017/10/23,15.58,15.69,14.89,14.97,19585379
SNAP,2017/10/24,14.87,15.08,14.58,14.59,15448258
SNAP,2017/10/25,14.7,14.93,13.96,14.155,20595482
SNAP,2017/10/26,14.35,14.76,14.11,14.39,17071219
SNAP,2017/10/27,14.27,15.48,14.22,15.44,23767576
SNAP,2017/10/30,15.13,16.27,15.05,15.68,23657796
SNAP,2017/10/31,15.65,15.73,15.17,15.34,13008916
SNAP,2017/11/1,15.45,15.52,14.39,14.51,20443841
SNAP,2017/11/2,14.45,14.87,14.4,14.55,11810548
SNAP,2017/11/3,14.64,15.28,14.6,15.27,12784357
SNAP,2017/11/6,15.19,15.29,14.8,14.83,17736885
SNAP,2017/11/7,14.87,15.53,14.73,15.12,40978251
SNAP,2017/11/8,13.47,14.09,12.1,12.91,162744709
SNAP,2017/11/9,12.64,12.74,12.23,12.38,51605923
SNAP,2017/11/10,12.5,12.84,12.31,12.76,32141043
SNAP,2017/11/13,12.83,12.95,12.35,12.4,19251268
SNAP,2017/11/14,12.41,12.7,12.25,12.57,13962597
SNAP,2017/11/15,12.32,12.75,12.17,12.46,14410375
SNAP,2017/11/16,12.5,12.68,12.38,12.56,15701689
SNAP,2017/11/17,12.6,13.01,12.51,12.99,17563767
SNAP,2017/11/20,13.1,13.11,12.29,12.41,30676066
SNAP,2017/11/21,12.52,12.59,12.32,12.34,19010319
SNAP,2017/11/22,12.35,12.64,12.35,12.62,14022076
SNAP,2017/11/24,12.67,13.02,12.67,12.97,12772779
SNAP,2017/11/27,12.87,13.38,12.86,13.06,19341806
SNAP,2017/11/28,13.37,13.74,13.02,13.61,23774060
SNAP,2017/11/29,13.54,13.99,13.2507,13.7,30098478
SNAP,2017/11/30,13.41,14,13.36,13.78,26854988
SNAP,2017/12/1,13.67,13.9,13.41,13.87,19266925
SNAP,2017/12/4,13.95,14,13.085,13.57,28799237
SNAP,2017/12/5,14.4,15.1,14.02,14.94,51515768
SNAP,2017/12/6,14.58,15.05,14.36,14.6,25883088
SNAP,2017/12/7,14.65,14.77,14.28,14.7,16367100
SNAP,2017/12/8,14.64,15.14,14.59,15.07,20226087
SNAP,2017/12/11,15.14,16.305,15.07,16.22,34900125
SNAP,2017/12/12,16,16.12,15.53,15.93,22254326
SNAP,2017/12/13,15.8,16.18,15.79,15.96,14183714
SNAP,2017/12/14,15.96,16.45,15.76,16.04,24942473
SNAP,2017/12/15,16,16.04,15.63,15.75,19450444
SNAP,2017/12/18,15.97,16.37,15.9339,16.1,20227811
SNAP,2017/12/19,15.91,16.04,15.65,15.77,12419194
SNAP,2017/12/20,15.73,15.89,15.47,15.5,10167284
SNAP,2017/12/21,15.34,15.68,15.2,15.37,12107131
SNAP,2017/12/22,15.05,15.38,14.92,15.15,12087059
SNAP,2017/12/26,15.02,15.1301,14.84,15.01,6755329
SNAP,2017/12/27,14.83,15.05,14.83,14.84,6726173
SNAP,2017/12/28,14.82,15.0647,14.77,14.85,8072901
SNAP,2017/12/29,14.84,14.89,14.55,14.61,9518403